,Tweet ID,Tweet Text,Created At
0,1.87526E+18,"RT @MilitarySummary: #UkraineRussiaWar
üìà In recent days, the Russians have stepped up their attacks in the direction of Pokrovsk enormously‚Ä¶",2025-01-03 19:08:39+00:00
1,1.87526E+18,"RT @Roberto05246129: #UkraineRussiaWar #Toretsk #Kurakhovo #Kupyansk
#ATACMS #Oreshkin #Kursk

  In the Kurakhovsky direction, the Russian‚Ä¶",2025-01-03 19:08:05+00:00
2,1.87526E+18,"RT @MilitarySummary: #UkraineRussiaWar
üìà In recent days, the Russians have stepped up their attacks in the direction of Pokrovsk enormously‚Ä¶",2025-01-03 19:04:10+00:00
3,1.87526E+18,"RT @MilitarySummary: #UkraineRussiaWar
üìà In recent days, the Russians have stepped up their attacks in the direction of Pokrovsk enormously‚Ä¶",2025-01-03 19:00:52+00:00
4,1.87526E+18,"RT @HerrDr8: @Gerashchenko_en #1pageAssessUkrWar #RussianEconomy #RubleTPfx #SuckerBetRussianInvestors #UkraineRussiaWar #Ukraine 

Inflati‚Ä¶",2025-01-03 19:00:33+00:00
5,1.87526E+18,"Les experts militaires fran√ßais √©tudient √©galement la caract√©risation du missile russe Oreshnik.
#oreshnik #UkraineWarNews #UkraineRussiaWar #Ukraine #Russie #Gazprom #Kiev #Zelensky #Poutine #koursk #OTAN #Zelenskyy https://t.co/WMyXilVXNP",2025-01-03 19:00:01+00:00
6,1.87526E+18,"""Il team del presidente eletto degli Stati Uniti Donald Trump non ha espresso alcuna proposta interessante per la Russia in merito alla fine della guerra in Ucraina"" - rappresentante permanente russo presso l'ONU Nebenzya üñïüñïüñïüñïüñï
#RussialsATerroristState #UkraineRussiaWar https://t.co/ll1v13B6bx",2025-01-03 18:59:11+00:00
7,1.87526E+18,üí•Ukrainian FPV drone destroys Russian MT-LB as it approaches the village of Rozlyvüî•#RussialsATerroristState #RussiaUkraineWar #UkraineRussiaWar #RussianWarCrimes #Ukraine #UkraineWar #UkraineWarNews #RussianArmy https://t.co/UrwgLlu2an,2025-01-03 18:59:01+00:00
8,1.87526E+18,"RT @MilitarySummary: #UkraineRussiaWar
üìà In recent days, the Russians have stepped up their attacks in the direction of Pokrovsk enormously‚Ä¶",2025-01-03 18:57:27+00:00
9,1.87526E+18,"#UkraineRussiaWar
üìà In recent days, the Russians have stepped up their attacks in the direction of Pokrovsk enormously.  
üìç The Russians are now about 1.5 kilometers away from Pokrovsk.  
üî• The surrounding villages of Pichshane, Zvirove, and Kotlyne are also being attacked by‚Ä¶ https://t.co/TkInkNfpT0 https://t.co/GAWxRdyCWF",2025-01-03 18:57:05+00:00
10,1.87525E+18,"RT @Gia1266: #UkraineRussiaWar #Dnipropetrovsk #Donbass #Nato #Ukraine #Russia 

Around Pokrovsk 

https://t.co/6OTIBuro9u",2025-01-03 18:53:54+00:00
11,1.87525E+18,"H√ºrriyet estime que les adversaires de #Trump  tentent toujours de l'√©liminer.
#OTAN  #oreshnik #Zelenskyy #UkraineWarNews #UkraineRussiaWar #Ukraine #Russie #Gazprom #Kiev #Zelensky #Poutine #koursk https://t.co/PmslBfYQpr",2025-01-03 18:50:00+00:00
12,1.87525E+18,üî¥üò∫Fluffy demonstrated how Ukrainian air defense worksüòÅ#RussialsATerroristState #RussiaUkraineWar #UkraineRussiaWar #RussianWarCrimes #Ukraine #UkraineWar #UkraineWarNews #RussianArmy https://t.co/6CEXOBraBc,2025-01-03 18:41:28+00:00
13,1.87525E+18,"Why Are So Many Ukrainian Soldiers DESERTING? Understanding Ukraine 2025 
https://t.co/BaTuaykANA
#RussialsATerroristState #RussiaUkraineWar #UkraineRussiaWar #RussianWarCrimes #Ukraine #UkraineWar #UkraineWarNews #RussianArmy",2025-01-03 18:41:23+00:00
14,1.87525E+18,"A Palestinian youngster is devastated to find his brother‚Äôs body among the people slaughtered by the israelis in an Al-Zawayda town in central #Gaza
#KhanYunis #Islamabad #Netanyahu #London #AirDropAidForGaza #CitizensUnited #Somalia #Alaska #Dollar  #UkraineRussiaWar #US #Israel https://t.co/G8QmNWW6Hg",2025-01-03 18:41:12+00:00
15,1.87525E+18,"‚ÄúI would like to dedicate to the Palestinians the last words my mother said to me. She said, when we were resisting, we were singing the song ‚ÄúFreedom in Our Lives.‚Äù
#KhanYunis #Islamabad #Netanyahu #London #AirDropAidForGaza #CitizensUnited #Somalia #UkraineRussiaWar #US #Israel https://t.co/jWUSQwTH0V",2025-01-03 18:40:53+00:00
16,1.87525E+18,"RT @BhavikaKapoor5: #UkraineRussiaWar

DW News üìΩÔ∏è

‚ö°Trump is expected to send his special envoy Kellog to Kyiv on a fact finding mission th‚Ä¶",2025-01-03 18:40:39+00:00
17,1.87525E+18,"RT @HerrDr8: @Gerashchenko_en #1pageAssessUkrWar #RussianEconomy #RubleTPfx #SuckerBetRussianInvestors #UkraineRussiaWar #Ukraine 

Inflati‚Ä¶",2025-01-03 18:38:30+00:00
18,1.87525E+18,"RT @BhavikaKapoor5: #UkraineRussiaWar

DW News üìΩÔ∏è

‚ö°Trump is expected to send his special envoy Kellog to Kyiv on a fact finding mission th‚Ä¶",2025-01-03 18:38:01+00:00
19,1.87525E+18,#Ukraine #UkraineRussiaWar #UkraineWarNews https://t.co/xPIaYRJCrU https://t.co/xjHJCl6LCT,2025-01-03 18:37:57+00:00
20,1.87525E+18,RT @SportswaveAndre: UPDATE #UkraineRussiaWar - One of many perspectives #UkraineWar - @_Hadebe_101 @IglesiasLamola https://t.co/P1vYhwwdxF,2025-01-03 18:34:11+00:00
21,1.87525E+18,"RT @defensetrooper: Winter Danceüéµ
#UkraineRussiaWar @choucroute_67 @cave75anonyme @MilordBrutus @ChallengerInUA @cartusia115145 @MarcusHsuO‚Ä¶",2025-01-03 18:25:42+00:00
22,1.87525E+18,"RT @MuhammadYo95978: Whilst the PA leadership‚Äôs treachery and security coordination with the Israeli regime is nothing new,its ongoing sieg‚Ä¶",2025-01-03 18:24:47+00:00
23,1.87525E+18,"Winter Danceüéµ
#UkraineRussiaWar @choucroute_67 @cave75anonyme @MilordBrutus @ChallengerInUA @cartusia115145 @MarcusHsuOPL @Tata05237Tata @KasparQ @WillowMantis @BatssPirr @Pandaem123 @barker_of_SSC @Jbs10twit @SudEtSoleil https://t.co/S03Ll7DeOQ",2025-01-03 18:23:00+00:00
24,1.87524E+18,"Whilst the PA leadership‚Äôs treachery and security coordination with the Israeli regime is nothing new,its ongoing siege of Jenin has carried its betrayal of the Palestinian people to a whole
#KhanYunis #Islamabad #Netanyahu #London #AirDropAidForGaza #UkraineRussiaWar #US #Israel https://t.co/v0Uur1YwCy",2025-01-03 18:16:48+00:00
25,1.87524E+18,"RT @Lila1Abadie: ü§∑üèª‚Äç‚ôÄÔ∏è
#Ukraine 
#UkraineRussiaWar https://t.co/14Br8kdiWP",2025-01-03 18:15:16+00:00
26,1.87524E+18,@Dr_BellaR OF COURSE you support #UkraineRussiaWar ü§¶‚Äç‚ôÇÔ∏èüíÄ,2025-01-03 18:10:34+00:00
27,1.87524E+18,"BREAKING: Explosives Planted on Train in Idaho‚Ä¶ FBI Investigating 
#Government #canada #usa #FEMA #shtf #WW3 #China #UkraineRussiaWar #Ukraine #Russia #Israel #Iran #NATO #NEWS #BreakingNews‚Äå #FBI 
https://t.co/kVGuMIUWqm via @YouTube",2025-01-03 18:05:45+00:00
28,1.87524E+18,RT @SportswaveAndre: UPDATE #UkraineRussiaWar - One of many perspectives #UkraineWar - @_Hadebe_101 @IglesiasLamola https://t.co/P1vYhwwdxF,2025-01-03 18:04:27+00:00
29,1.87524E+18,"üò°–†–æ—Å—ñ–π—Å—å–∫—ñ –≤—ñ–π—Å—å–∫–∞ —É –ø'—è—Ç–Ω–∏—Ü—é, 3 —Å—ñ—á–Ω—è, –≤–¥–∞—Ä–∏–ª–∏ –ø–æ –ø—Ä–∏–≤–∞—Ç–Ω–æ–º—É —Å–µ–∫—Ç–æ—Ä—É —É –°–ª–æ–≤'—è–Ω—Å—å–∫—É –∞–≤—ñ–∞–±–æ–º–±–æ—é –∑ –º–æ–¥—É–ª–µ–º –£–ú–ü–ö. –ü–æ—Å—Ç—Ä–∞–∂–¥–∞–ª–∏ —á–µ—Ç–≤–µ—Ä–æ –ª—é–¥–µ–π, —Å–µ—Ä–µ–¥ –Ω–∏—Ö –¥–≤–æ—Ä—ñ—á–Ω–∞ –¥–∏—Ç–∏–Ω–∞.

#UkraineRussiaWar

https://t.co/birfYPhN2H",2025-01-03 18:01:06+00:00
30,1.87524E+18,"Personne ne croit en l'OTAN.
#UkraineWarNews #UkraineRussiaWar #Ukraine #Russie #Gazprom #Kiev #Zelensky #Poutine #koursk #OTAN  #oreshnik #Zelenskyy https://t.co/ZEvgemV7cO",2025-01-03 18:00:01+00:00
31,1.87524E+18,"Six syst√®mes de roquettes √† lancement multiple HIMARS ont √©galement √©t√© d√©truits en Ukraine.
#UkraineWarNews #UkraineRussiaWar #Ukraine #Russie #Gazprom #Kiev #Zelensky #Poutine #koursk #OTAN  #oreshnik #Zelenskyy https://t.co/sqJWhr91Lm",2025-01-03 18:00:01+00:00
32,1.87524E+18,"ü§∑üèª‚Äç‚ôÄÔ∏è
#Ukraine 
#UkraineRussiaWar https://t.co/14Br8kdiWP",2025-01-03 17:59:45+00:00
33,1.87524E+18,RT @ncandthriving: üëÑ Teach me #BreedingDifficulty #UkraineRussiaWar #bbwvideos #bbwbaddie #bbwbigass #BBWTexas #bbwwinning #onlyfans #onlyf‚Ä¶,2025-01-03 17:55:24+00:00
34,1.87524E+18,RT @UaCoins: ‚ö°Ô∏èUkrainian FPV drone pursues Russian motorcycle thieves üõ¥üí•#RussialsATerroristState #RussiaUkraineWar #UkraineRussiaWar #Russi‚Ä¶,2025-01-03 17:47:12+00:00
35,1.87524E+18,"RT @nexus_osint: üá∫üá¶üá∑üá∫Point de Situation - 02.01.25 #UkraineRussiaWar 

1/ Confirmation visuelle de la pr√©sence de Positions Russes attaqu√©e‚Ä¶",2025-01-03 17:47:03+00:00
36,1.87524E+18,RT @UaCoins: üî¥Demilitarization of Russian Nazis in Kursk Region Continues Without Stoppingüí•#RussialsATerroristState #RussiaUkraineWar #Ukra‚Ä¶,2025-01-03 17:43:51+00:00
37,1.87524E+18,"RT @THEENDGAMEWAR1: HISTORYLEGENDS

Why Are So Many Ukrainian Soldiers DESERTING?

https://t.co/JCQrtl6GZL

#UKRAINEWAR #RUSSIAUKRAINEWAR #‚Ä¶",2025-01-03 17:42:53+00:00
38,1.87524E+18,"üÖæÔ∏èMerkez grup, Ukrayna Silahlƒ± Kuvvetlerinin piyade ve te√ßhizatƒ±nƒ± b√ºy√ºk √∂l√ß√ºde yok etmeye devam ederek Pokrovsk'a doƒüru ilerliyor 
#UkraineRussiaWar 
#Rusya #Russia https://t.co/Q8gpEBY8nT",2025-01-03 17:41:08+00:00
39,1.87523E+18,"Tiraspol (Transnistria, Moldavia) ha iniziato a spegnere l'elettricit√† secondo il programma.
Ora, i residenti  potranno sperimentare tutta la bellezza ""del mondo russo"" che tanto desiderano...a letto con le galline
#RussialsATerroristState #UkraineRussiaWar #Kursk #Kiev #Crimea https://t.co/Bgpg2gWox7",2025-01-03 17:31:49+00:00
40,1.87523E+18,"Ucraina, i russi fanno Autogoal - Nuovi droni in FO (Fibra ottica) Ucrai... https://t.co/gNIpQTj3S3 via @YouTube  #UkraineRussiaWar #drones https://t.co/k5nOqIwcI8",2025-01-03 17:29:20+00:00
41,1.87523E+18,"Czy mo≈ºna wierzyƒá politykom? Z ich przyczyny mieli≈õmy i mamy: #NordStream, #COVID19, #inflacja, #UkraineRussiaWar, #Ukrainians, #Smolensk #IsraeliEthnicCleansingofGaza. 
@Republika @PolsatNewsPL
@tvp_info https://t.co/J9O7BCuGa9",2025-01-03 17:28:14+00:00
42,1.87523E+18,"#UkraineRussiaWar 
Ruska maƒçka na tajnom zadatku.
U Kurskoj oblasti i maƒçke de bore ptotiv ukronacista.üí™üê±
A Russian undercover cat shoots down a Ukrainian drone https://t.co/5EG38aDMbY",2025-01-03 17:28:00+00:00
43,1.87523E+18,"RT @HerrDr8: @Gerashchenko_en #1pageAssessUkrWar #RussianEconomy #RubleTPfx #SuckerBetRussianInvestors #UkraineRussiaWar #Ukraine 

Inflati‚Ä¶",2025-01-03 17:27:59+00:00
44,1.87523E+18,"Czy mo≈ºna wierzyƒá politykom? Z ich przyczyny mieli≈õmy i mamy: #NordStream, #COVID19, #inflacja, #UkraineRussiaWar, #Ukrainians, #Smolensk #IsraeliEthnicCleansingofGaza. 
@Republika @PolsatNewsPL
@tvp_info https://t.co/c89S0Fyo38",2025-01-03 17:25:48+00:00
45,1.87523E+18,"#UkraineRussiaWar #Dnipropetrovsk #Donbass #Nato #Ukraine #Russia 

Around Pokrovsk 

https://t.co/6OTIBuro9u",2025-01-03 17:23:36+00:00
46,1.87523E+18,"HISTORYLEGENDS

Why Are So Many Ukrainian Soldiers DESERTING?

https://t.co/JCQrtl6GZL

#UKRAINEWAR #RUSSIAUKRAINEWAR #UKRAINERUSSIAWAR #RUSSIANUKRAINIANWAR #RUSSIA #UKRAINE #RUSSIAN #DONBASS #WARFARE #WAR #KIEV #KYIV #MOSCOW #RUSSIANMILITARY #RUSSIANARMY #GEOPOLITICS #SMO #Z",2025-01-03 17:22:38+00:00
47,1.87523E+18,"#Sudzha #Kursk #UkraineRussiaWar #Russia #Ukraine #Nato

Only 3 kilometers from Sudzha 

https://t.co/0KKtk7N8Kp",2025-01-03 17:21:23+00:00
48,1.87523E+18,"@LBC - Simon Marks discussing negotiations with Russia. Putin doesn‚Äôt negotiate he only demands what he wants, prior to achieving his strategic aims. #UkraineRussiaWar 
We have tried to warn against negotiating with Putin since February 2022. https://t.co/lkVgKK8oHn",2025-01-03 17:21:17+00:00
49,1.87523E+18,"RT @Ckant72: Ukraine's drone attack on Russia, 9/11 like attack in Kazan, Russia.

#DroneAttack #Kazan
#UkraineRussiaWar 
https://t.co/79j9‚Ä¶",2025-01-03 17:20:31+00:00
